{"position": {"y": 5.357529336228368, "x": -0.936098104799161, "z": 0.13799999999999998}, "orientation": {"y": 0.0, "x": 0.0, "z": 0.3893873382764495, "w": 0.9210741016823684}}
