{"position": {"y": -5.870528008293908, "x": 2.639602322760452, "z": 0.138}, "orientation": {"y": 0.0, "x": 0.0, "z": 0.9484803358557573, "w": 0.31683600252330835}}
