{"position": {"y": -2.9720376479129493, "x": 11.735359958045372, "z": 0.13800000000000004}, "orientation": {"y": 0.0, "x": 0.0, "z": -0.35588380466724806, "w": 0.9345302122326298}}
